Maturity,Rate
0.25,0.03784684969208149
0.5,0.04070327354478705
1.0,0.06593601199573927
2.0,0.023194419378939023
3.0,0.044593436164209424
5.0,0.051900175125762324
7.0,0.07754789463283941
10.0,0.041894139298564725
