Maturity,Yield
0.7030189613047516,-0.023449355389325233
0.4658518805677813,-0.7148902373238597
-0.15848169901749362,-0.9703065149995364
-1.7065197821531153,-1.5981961284895128
1.1034394368754903,0.42407816926902026
0.7396345618508948,0.8009947306335037
-0.031919826541750955,-0.42760597737406986
-0.6928939809231804,0.0027797625639716787
-0.7168373783503335,0.5094737307141642
0.18847872347661762,0.7336984527526412
